{
    "block": {
        "source": {
            "is_html_enabled": false,
            "is_multiple_choice": true,
            "is_always_correct": false,
            "preserve_order": false,
            "sample_size": 4,
            "is_options_feedback": true,
            "options": [
                {
                    "is_correct": false,
                    "text": "Критерий оптимальности",
                    "feedback": " "
                },
                {
                    "is_correct": false,
                    "text": "Варьируемые параметры и ограничения",
                    "feedback": " "
                },
                {
                    "is_correct": false,
                    "text": "Математическая модель процесса",
                    "feedback": " "
                },
                {
                    "is_correct": true,
                    "text": "Все перечисленные варианты",
                    "feedback": " "
                }
            ]
        },
        "name": "choice",
        "text": "В типичном случае динамическое программирование применяется к задачам оптимизации. Задача оптимизации сформулирована, если заданы:",
        "is_deprecated": false,
        "feedback_correct": "Ваш ответ верный.",
        "feedback_wrong": "Ваш ответ неправильный."
    },
    "id": " ",
    "has_review": false
}