{
    "block": {
        "source": {
            "is_html_enabled": false,
            "is_multiple_choice": true,
            "is_always_correct": false,
            "preserve_order": false,
            "sample_size": 4,
            "is_options_feedback": true,
            "options": [
                {
                    "is_correct": true,
                    "text": "Граф – это набор вершин и ребер, связывающих эти вершины",
                    "feedback": " "
                },
                {
                    "is_correct": false,
                    "text": "Граф – это набор вершин и дуг, связывающих эти вершины",
                    "feedback": " "
                },
                {
                    "is_correct": false,
                    "text": "Граф – это набор ребер, связывающих вершины",
                    "feedback": " "
                },
                {
                    "is_correct": false,
                    "text": "Граф – это набор дуг, связывающих вершины",
                    "feedback": " "
                }
            ]
        },
        "name": "choice",
        "text": "Какое из следующих определений наиболее точно описывает понятие графа?",
        "is_deprecated": false,
        "feedback_correct": "Ваш ответ верный.",
        "feedback_wrong": "Ваш ответ неправильный."
    },
    "id": " ",
    "has_review": false
}