{
    "block": {
        "source": {
            "is_html_enabled": false,
            "is_multiple_choice": true,
            "is_always_correct": false,
            "preserve_order": false,
            "sample_size": 4,
            "is_options_feedback": true,
            "options": [
                {
                    "is_correct": true,
                    "text": "Задачи с оптимальной подструктурой и перекрывающимися подзадачами",
                    "feedback": " "
                },
                {
                    "is_correct": false,
                    "text": "Задачи сортировки и поиска",
                    "feedback": " "
                },
                {
                    "is_correct": false,
                    "text": "Задачи на графах",
                    "feedback": " "
                },
                {
                    "is_correct": false,
                    "text": "Задачи с большим объемом данных",
                    "feedback": " "
                }
            ]
        },
        "name": "choice",
        "text": "Для каких типов задач динамическое программирование наиболее подходит?",
        "is_deprecated": false,
        "feedback_correct": "Ваш ответ верный.",
        "feedback_wrong": "Ваш ответ неправильный."
    },
    "id": " ",
    "has_review": false
}