{
    "block": {
        "source": {
            "is_html_enabled": false,
            "is_multiple_choice": true,
            "is_always_correct": false,
            "preserve_order": false,
            "sample_size": 4,
            "is_options_feedback": true,
            "options": [
                {
                    "is_correct": false,
                    "text": "Только для целых чисел",
                    "feedback": " "
                },
                {
                    "is_correct": false,
                    "text": "Только для строк",
                    "feedback": " "
                },
                {
                    "is_correct": true,
                    "text": "Для любых типов данных, которые можно сравнивать",
                    "feedback": " "
                },
                {
                    "is_correct": false,
                    "text": "Только для вещественных чисел",
                    "feedback": " "
                }
            ]
        },
        "name": "choice",
        "text": "Для каких типов данных можно использовать бинарный поиск?",
        "is_deprecated": false,
        "feedback_correct": "Ваш ответ верный.",
        "feedback_wrong": "Ваш ответ неправильный."
    },
    "id": " ",
    "has_review": false
}