{
    "block": {
        "source": {
            "is_html_enabled": false,
            "is_multiple_choice": true,
            "is_always_correct": false,
            "preserve_order": false,
            "sample_size": 4,
            "is_options_feedback": true,
            "options": [
                {
                    "is_correct": false,
                    "text": "(n2-n)/2",
                    "feedback": " "
                },
                {
                    "is_correct": true,
                    "text": "(n2+n)/2",
                    "feedback": " "
                },
                {
                    "is_correct": false,
                    "text": "(n2-n-1)/2",
                    "feedback": " "
                },
                {
                    "is_correct": false,
                    "text": "(n2-2n+1)/2",
                    "feedback": " "
                }
            ]
        },
        "name": "choice",
        "text": "Какое количество подстрок длины от 1 до n можно выделить из строки длины n?",
        "is_deprecated": false,
        "feedback_correct": "Ваш ответ верный.",
        "feedback_wrong": "Ваш ответ неправильный."
    },
    "id": " ",
    "has_review": false
}