{
    "block": {
        "source": {
            "is_html_enabled": false,
            "is_multiple_choice": true,
            "is_always_correct": false,
            "preserve_order": false,
            "sample_size": 4,
            "is_options_feedback": true,
            "options": [
                {
                    "is_correct": true,
                    "text": "O(1)",
                    "feedback": " "
                },
                {
                    "is_correct": false,
                    "text": "O(log N)",
                    "feedback": " "
                },
                {
                    "is_correct": false,
                    "text": "O(N)",
                    "feedback": " "
                },
                {
                    "is_correct": false,
                    "text": "O(N^2)",
                    "feedback": " "
                }
            ]
        },
        "name": "choice",
        "text": "Какова сложность операции поиска элемента по ключу в хэш-таблице в среднем случае?",
        "is_deprecated": false,
        "feedback_correct": "Ваш ответ верный.",
        "feedback_wrong": "Ваш ответ неправильный."
    },
    "id": " ",
    "has_review": false
}