{
    "block": {
        "source": {
            "is_html_enabled": false,
            "is_multiple_choice": true,
            "is_always_correct": false,
            "preserve_order": false,
            "sample_size": 4,
            "is_options_feedback": true,
            "options": [
                {
                    "is_correct": false,
                    "text": "Когда сортируемые элементы не ограничены по диапазону значени",
                    "feedback": " "
                },
                {
                    "is_correct": false,
                    "text": "Когда требуется сортировать элементы, не сравнивая их между собой",
                    "feedback": " "
                },
                {
                    "is_correct": true,
                    "text": "Когда сортируемые числа имеют диапазон возможных значений, который достаточно мал по сравнению с сортируемым множеством",
                    "feedback": " "
                },
                {
                    "is_correct": false,
                    "text": "Когда массив уже почти отсортирован",
                    "feedback": " "
                }
            ]
        },
        "name": "choice",
        "text": "Когда целесообразно применять алгоритм сортировки подсчетом?",
        "is_deprecated": false,
        "feedback_correct": "Ваш ответ верный.",
        "feedback_wrong": "Ваш ответ неправильный."
    },
    "id": " ",
    "has_review": false
}