{
    "block": {
        "source": {
            "is_html_enabled": false,
            "is_multiple_choice": true,
            "is_always_correct": false,
            "preserve_order": false,
            "sample_size": 4,
            "is_options_feedback": true,
            "options": [
                {
                    "is_correct": false,
                    "text": "Вершина 1 – степень 2, вершина 2 – степень 2, вершина 3 – степень 1",
                    "feedback": " "
                },
                {
                    "is_correct": true,
                    "text": "Вершина 1 – степень 2, вершина 2 – степень 1, вершина 3 – степень 1",
                    "feedback": " "
                },
                {
                    "is_correct": false,
                    "text": "Вершина 1 – степень 1, вершина 2 – степень 2, вершина 3 – степень 1",
                    "feedback": " "
                },
                {
                    "is_correct": false,
                    "text": "Вершина 1 – степень 1, вершина 2 – степень 2, вершина 3 – степень 2",
                    "feedback": " "
                }
            ]
        },
        "name": "choice",
        "text": "Определите степени вершин графа.",
        "is_deprecated": false,
        "feedback_correct": "Ваш ответ верный.",
        "feedback_wrong": "Ваш ответ неправильный."
    },
    "id": " ",
    "has_review": false
}