{
    "block": {
        "source": {
            "is_html_enabled": false,
            "is_multiple_choice": true,
            "is_always_correct": false,
            "preserve_order": false,
            "sample_size": 4,
            "is_options_feedback": true,
            "options": [
                {
                    "is_correct": true,
                    "text": "{3, 6, 8, 3, 9, 11, 12}",
                    "feedback": " "
                },
                {
                    "is_correct": false,
                    "text": "{3, 3, 8, 12, 9, 11, 6}",
                    "feedback": " "
                },
                {
                    "is_correct": false,
                    "text": "{3, 6, 3, 8, 9, 11, 12}",
                    "feedback": " "
                },
                {
                    "is_correct": false,
                    "text": "{3, 3, 6, 8, 9, 11, 12}",
                    "feedback": " "
                }
            ]
        },
        "name": "choice",
        "text": "В функции быстрой сортировки Хоара опорным является средний элемент массива",
        "is_deprecated": false,
        "feedback_correct": "Ваш ответ верный.",
        "feedback_wrong": "Ваш ответ неправильный."
    },
    "id": " ",
    "has_review": false
}