{
    "block": {
        "source": {
            "is_html_enabled": false,
            "is_multiple_choice": true,
            "is_always_correct": false,
            "preserve_order": false,
            "sample_size": 4,
            "is_options_feedback": true,
            "options": [
                {
                    "is_correct": true,
                    "text": "словарь",
                    "feedback": " "
                },
                {
                    "is_correct": false,
                    "text": "множество",
                    "feedback": " "
                },
                {
                    "is_correct": false,
                    "text": "список",
                    "feedback": " "
                },
                {
                    "is_correct": false,
                    "text": "очередь",
                    "feedback": " "
                }
            ]
        },
        "name": "choice",
        "text": "&#x41A;&#x430;&#x43A;&#x43E;&#x439; &#x43A;&#x43E;&#x43D;&#x442;&#x435;&#x439;&#x43D;&#x435;&#x440; &#x438;&#x441;&#x43F;&#x43E;&#x43B;&#x44C;&#x437;&#x443;&#x435;&#x442;&#x441;&#x44F; &#x434;&#x43B;&#x44F; &#x445;&#x440;&#x430;&#x43D;&#x435;&#x43D;&#x438;&#x44F; &#x43F;&#x430;&#x440; \"&#x43A;&#x43B;&#x44E;&#x447;-&#x437;&#x43D;&#x430;&#x447;&#x435;&#x43D;&#x438;&#x435;\" &#x431;&#x435;&#x437; &#x434;&#x443;&#x431;&#x43B;&#x438;&#x43A;&#x430;&#x442;&#x43E;&#x432; &#x43A;&#x43B;&#x44E;&#x447;&#x435;&#x439;?",
        "is_deprecated": false,
        "feedback_correct": "Ваш ответ верный.",
        "feedback_wrong": "Ваш ответ неправильный."
    },
    "id": " ",
    "has_review": false
}