{
    "block": {
        "source": {
            "is_html_enabled": false,
            "is_multiple_choice": true,
            "is_always_correct": false,
            "preserve_order": false,
            "sample_size": 4,
            "is_options_feedback": true,
            "options": [
                {
                    "is_correct": false,
                    "text": "Требуется дополнительная память – O(k) в случае устойчивой сортировки",
                    "feedback": " "
                },
                {
                    "is_correct": true,
                    "text": "Асимптотическая сложность O(n + k)",
                    "feedback": " "
                },
                {
                    "is_correct": false,
                    "text": "Требуется дополнительная память – O(n + k) в случае неустойчивой сортировки",
                    "feedback": " "
                },
                {
                    "is_correct": false,
                    "text": "Асимптотическая сложность O(nk)",
                    "feedback": " "
                }
            ]
        },
        "name": "choice",
        "text": "Выберите верное утверждение о сортировке подсчетом:",
        "is_deprecated": false,
        "feedback_correct": "Ваш ответ верный.",
        "feedback_wrong": "Ваш ответ неправильный."
    },
    "id": " ",
    "has_review": false
}