{
    "block": {
        "source": {
            "is_html_enabled": false,
            "is_multiple_choice": true,
            "is_always_correct": false,
            "preserve_order": false,
            "sample_size": 4,
            "is_options_feedback": true,
            "options": [
                {
                    "is_correct": false,
                    "text": "Алгоритм Шеннона-Фано",
                    "feedback": " "
                },
                {
                    "is_correct": false,
                    "text": "Алгоритм Хаффмана",
                    "feedback": " "
                },
                {
                    "is_correct": true,
                    "text": "Алгоритм LZW",
                    "feedback": " "
                },
                {
                    "is_correct": false,
                    "text": "Алгоритм RLE",
                    "feedback": " "
                }
            ]
        },
        "name": "choice",
        "text": "Какой алгоритм был основой для создания формата GIF?",
        "is_deprecated": false,
        "feedback_correct": "Ваш ответ верный.",
        "feedback_wrong": "Ваш ответ неправильный."
    },
    "id": " ",
    "has_review": false
}