{
    "block": {
        "source": {
            "is_html_enabled": false,
            "is_multiple_choice": true,
            "is_always_correct": false,
            "preserve_order": false,
            "sample_size": 4,
            "is_options_feedback": true,
            "options": [
                {
                    "is_correct": false,
                    "text": "Вычисление максимума",
                    "feedback": " "
                },
                {
                    "is_correct": true,
                    "text": "Нахождение хеш-значений элементов",
                    "feedback": " "
                },
                {
                    "is_correct": false,
                    "text": "Определение индекса минимума",
                    "feedback": " "
                },
                {
                    "is_correct": false,
                    "text": "Подсчёт числа элементов последовательности в интервале",
                    "feedback": " "
                }
            ]
        },
        "name": "choice",
        "text": "Для какой задачи не применяются алгоритмы поиска?",
        "is_deprecated": false,
        "feedback_correct": "Ваш ответ верный.",
        "feedback_wrong": "Ваш ответ неправильный."
    },
    "id": " ",
    "has_review": false
}