{
    "block": {
        "source": {
            "is_html_enabled": false,
            "is_multiple_choice": true,
            "is_always_correct": false,
            "preserve_order": false,
            "sample_size": 4,
            "is_options_feedback": true,
            "options": [
                {
                    "is_correct": false,
                    "text": "Дерево не имеет кратных ребер",
                    "feedback": " "
                },
                {
                    "is_correct": false,
                    "text": "Дерево – это связный ациклический граф",
                    "feedback": " "
                },
                {
                    "is_correct": false,
                    "text": "Множество деревьев называют лесом",
                    "feedback": " "
                },
                {
                    "is_correct": true,
                    "text": "Не каждое дерево является двудольным графом",
                    "feedback": " "
                }
            ]
        },
        "name": "choice",
        "text": "Какое утверждение о деревьях не верно?",
        "is_deprecated": false,
        "feedback_correct": "Ваш ответ верный.",
        "feedback_wrong": "Ваш ответ неправильный."
    },
    "id": " ",
    "has_review": false
}