{
    "block": {
        "source": {
            "is_html_enabled": false,
            "is_multiple_choice": true,
            "is_always_correct": false,
            "preserve_order": false,
            "sample_size": 2,
            "is_options_feedback": true,
            "options": [
                {
                    "is_correct": true,
                    "text": "{c}+{d}",
                    "feedback": " "
                },
                {
                    "is_correct": false,
                    "text": "{d}+{c}",
                    "feedback": " "
                }
            ]
        },
        "name": "choice",
        "text": "Тестовый вопрос 2",
        "is_deprecated": false
    },
    "id": " ",
    "has_review": false
}