{
    "block": {
        "source": {
            "is_html_enabled": false,
            "is_multiple_choice": true,
            "is_always_correct": false,
            "preserve_order": false,
            "sample_size": 4,
            "is_options_feedback": true,
            "options": [
                {
                    "is_correct": false,
                    "text": "Сортировка пузырьком",
                    "feedback": " "
                },
                {
                    "is_correct": true,
                    "text": "Сортировка выбором",
                    "feedback": " "
                },
                {
                    "is_correct": false,
                    "text": "Сортировка вставками",
                    "feedback": " "
                },
                {
                    "is_correct": false,
                    "text": "Сортировка слиянием",
                    "feedback": " "
                }
            ]
        },
        "name": "choice",
        "text": "Какой алгоритм сортировки на каждом шаге выбирает наименьший элемент и помещает его в начало неотсортированной части массива?",
        "is_deprecated": false,
        "feedback_correct": "Ваш ответ верный.",
        "feedback_wrong": "Ваш ответ неправильный."
    },
    "id": " ",
    "has_review": false
}