{
    "block": {
        "source": {
            "is_html_enabled": false,
            "is_multiple_choice": true,
            "is_always_correct": false,
            "preserve_order": false,
            "sample_size": 4,
            "is_options_feedback": true,
            "options": [
                {
                    "is_correct": true,
                    "text": "Поиск в интернете и исправление опечаток",
                    "feedback": " "
                },
                {
                    "is_correct": false,
                    "text": "Компрессия данных",
                    "feedback": " "
                },
                {
                    "is_correct": false,
                    "text": "Криптография",
                    "feedback": " "
                },
                {
                    "is_correct": false,
                    "text": "Построение графов",
                    "feedback": " "
                }
            ]
        },
        "name": "choice",
        "text": "Каковы основные приложения расстояния Левенштейна?",
        "is_deprecated": false,
        "feedback_correct": "Ваш ответ верный.",
        "feedback_wrong": "Ваш ответ неправильный."
    },
    "id": " ",
    "has_review": false
}