{
    "block": {
        "source": {
            "is_html_enabled": false,
            "is_multiple_choice": true,
            "is_always_correct": false,
            "preserve_order": false,
            "sample_size": 4,
            "is_options_feedback": true,
            "options": [
                {
                    "is_correct": false,
                    "text": "В графе нет ребер",
                    "feedback": " "
                },
                {
                    "is_correct": true,
                    "text": "Между каждой парой вершин в графе существует путь",
                    "feedback": " "
                },
                {
                    "is_correct": false,
                    "text": "В графе есть только одна вершина",
                    "feedback": " "
                },
                {
                    "is_correct": false,
                    "text": "Граф имеет две отдельные компоненты",
                    "feedback": " "
                }
            ]
        },
        "name": "choice",
        "text": "Какой граф является связным?",
        "is_deprecated": false,
        "feedback_correct": "Ваш ответ верный.",
        "feedback_wrong": "Ваш ответ неправильный."
    },
    "id": " ",
    "has_review": false
}