{
    "block": {
        "source": {
            "is_html_enabled": false,
            "is_multiple_choice": true,
            "is_always_correct": false,
            "preserve_order": false,
            "sample_size": 4,
            "is_options_feedback": true,
            "options": [
                {
                    "is_correct": false,
                    "text": "Сложность алгоритма O(n2)",
                    "feedback": " "
                },
                {
                    "is_correct": true,
                    "text": "Алгоритм является устойчивым",
                    "feedback": " "
                },
                {
                    "is_correct": false,
                    "text": "Сложность стремится к O(n logn)",
                    "feedback": " "
                },
                {
                    "is_correct": false,
                    "text": "Все утверждения верны",
                    "feedback": " "
                }
            ]
        },
        "name": "choice",
        "text": "Ниже приведена реализация алгоритма сортировки расческой, который является модификацией пузырьковой сортировки. Выберите неверное утверждение.",
        "is_deprecated": false,
        "feedback_correct": "Ваш ответ верный.",
        "feedback_wrong": "Ваш ответ неправильный."
    },
    "id": " ",
    "has_review": false
}