{
    "block": {
        "source": {
            "is_html_enabled": false,
            "is_multiple_choice": true,
            "is_always_correct": false,
            "preserve_order": false,
            "sample_size": 4,
            "is_options_feedback": true,
            "options": [
                {
                    "is_correct": true,
                    "text": "Для определения длины кодовых слов",
                    "feedback": " "
                },
                {
                    "is_correct": false,
                    "text": "Для построения оптимального бинарного дерева",
                    "feedback": " "
                },
                {
                    "is_correct": false,
                    "text": "Для определения порядка символов в словаре",
                    "feedback": " "
                },
                {
                    "is_correct": false,
                    "text": "Для создания таблицы сжатия",
                    "feedback": " "
                }
            ]
        },
        "name": "choice",
        "text": "Для чего алгоритм Шеннона-Фано использует вероятности символов?",
        "is_deprecated": false,
        "feedback_correct": "Ваш ответ верный.",
        "feedback_wrong": "Ваш ответ неправильный."
    },
    "id": " ",
    "has_review": false
}