{
    "block": {
        "source": {
            "is_html_enabled": false,
            "is_multiple_choice": true,
            "is_always_correct": false,
            "preserve_order": false,
            "sample_size": 4,
            "is_options_feedback": true,
            "options": [
                {
                    "is_correct": false,
                    "text": "Рекурсивно",
                    "feedback": " "
                },
                {
                    "is_correct": true,
                    "text": "Используя таблицу для запоминания результатов",
                    "feedback": " "
                },
                {
                    "is_correct": false,
                    "text": "Путем случайного выбора",
                    "feedback": " "
                },
                {
                    "is_correct": false,
                    "text": "Подбором различных формул",
                    "feedback": " "
                }
            ]
        },
        "name": "choice",
        "text": "Как можно рассчитать числа Фибоначчи с использованием динамического программирования?",
        "is_deprecated": false,
        "feedback_correct": "Ваш ответ верный.",
        "feedback_wrong": "Ваш ответ неправильный."
    },
    "id": " ",
    "has_review": false
}