{
    "block": {
        "source": {
            "is_html_enabled": false,
            "is_multiple_choice": true,
            "is_always_correct": false,
            "preserve_order": false,
            "sample_size": 4,
            "is_options_feedback": true,
            "options": [
                {
                    "is_correct": false,
                    "text": "Граф, в котором нет циклов",
                    "feedback": " "
                },
                {
                    "is_correct": false,
                    "text": "Граф, в котором каждая вершина соединена с каждой другой вершиной в графе",
                    "feedback": " "
                },
                {
                    "is_correct": false,
                    "text": "Граф, в котором все ребра имеют одинаковый вес",
                    "feedback": " "
                },
                {
                    "is_correct": true,
                    "text": "Граф, который можно разделить на две непересекающиеся доли таким образом, что все ребра соединяют вершины из разных долей, причем внутри доли вершины не смежны",
                    "feedback": " "
                }
            ]
        },
        "name": "choice",
        "text": "Какой граф является двудольным?",
        "is_deprecated": false,
        "feedback_correct": "Ваш ответ верный.",
        "feedback_wrong": "Ваш ответ неправильный."
    },
    "id": " ",
    "has_review": false
}