{
    "block": {
        "source": {
            "is_html_enabled": false,
            "is_multiple_choice": true,
            "is_always_correct": false,
            "preserve_order": false,
            "sample_size": 4,
            "is_options_feedback": true,
            "options": [
                {
                    "is_correct": true,
                    "text": "Реализован неустойчивый алгоритм сортировки подсчетом",
                    "feedback": " "
                },
                {
                    "is_correct": false,
                    "text": "Реализован устойчивый алгоритм сортировки подсчетом",
                    "feedback": " "
                },
                {
                    "is_correct": false,
                    "text": "Реализован алгоритм цифровой сортировки",
                    "feedback": " "
                },
                {
                    "is_correct": false,
                    "text": "Нет правильного варианта ответа",
                    "feedback": " "
                }
            ]
        },
        "name": "choice",
        "text": "Выберите верный вариант ответа, основываясь на приведенном коде",
        "is_deprecated": false,
        "feedback_correct": "Ваш ответ верный.",
        "feedback_wrong": "Ваш ответ неправильный."
    },
    "id": " ",
    "has_review": false
}